Variety_ID,Accession_ID,accession_holding,parent1,parent1_synonym,parent1_holding,parent2,parent2_holding,Code_ID,Panel_246,genetic_group,holding,Holding name
11430,11430_H,inra,11430_usda,11430_usda,USDA,UH_007,UH,3101,yes,Iodent,"CIAM, Spain",Centro de Investigaciones Agrarias de Mabegondo
A3,A3_H,inra,A3_inra,A3_inra,INRA,UH_007,UH,3102,yes,Other,"CIMMYT, Mexico",Centro International de Mejoramiento de Maiz y Trigo
A310,A310_H,inra,A310_inra,A310_inra,INRA,UH_007,UH,3008,yes,Other,"CREA, Italy",Ronsiglio per la ricerca in agricoltura
A347,A347_H,inra,A347_inra,A347_inra,INRA,UH_007,UH,3013,yes,Other,"CSIC, Spain",Consejo Superior de Investigaciones Científicas
A374,A374_H,inra,A374_inra,A374_inra,INRA,UH_007,UH,3017,yes,Other,"IFSI, USA","Illinois Foundation Seeds, Inc."
A375,A375_H,inra,A375_inra,A375_inra,INRA,UH_007,UH,3103,yes,Other,"INRA, France",Institut National de la Recherche Agronomique
A554,A554_H,inra,A554_inra,A554_inra,INRA,UH_007,UH,3221,yes,Other,"MTA ATK, Hungary",Magyar Tudományos Akadémia MTA Agrártudományi Kutatóközpont
AS5707,AS5707_H,inra,AS5707_usda,AS5707_usda,USDA,UH_007,UH,3067,yes,Lancaster,"UH, Germany",University of Hohenheim
B100,B100_H,inra,B100_uh,B100_uh,UH,UH_007,UH,3019,yes,Lancaster,"USDA, USA",United States Department of Agriculture
B104,B104_H,inra,B104_inra,B104_inra,INRA,UH_007,UH,3029,yes,Stiff_Stalk,,
B105,B105_H,inra,B105_inra,B105_inra,INRA,UH_007,UH,3012,yes,Other,,
B106,B106_H,inra,B106_inra,B106_inra,INRA,UH_007,UH,3066,yes,Other,,
B107,B107_H,inra,B107_inra,B107_inra,INRA,UH_007,UH,3053,yes,Iodent,,
B108,B108_H,inra,B108_uh,B108_uh,UH,UH_007,UH,3074,yes,Other,,
B109,B109_H,inra,B109_uh,B109_uh,UH,UH_007,UH,3104,yes,Stiff_Stalk,,
B110,B110_H,inra,B110_uh,B110_uh,UH,UH_007,UH,3105,yes,Stiff_Stalk,,
B113,B113_H,inra,B113_uh,B113_uh,UH,UH_007,UH,3059,yes,Other,,
B14a,B14a_H,inra,B14a_inra,B14a_inra,INRA,UH_007,UH,3258,no,Stiff_Stalk,,
B37,B37_H,inra,B37_inra,B37_inra,INRA,UH_007,UH,3085,yes,Other,,
B73,B73_H,inra,B73_inra,B73_inra,INRA,UH_007,UH,3001,yes,Stiff_Stalk,,
B84,B84_H,inra,B84_inra,B84_inra,INRA,UH_007,UH,3009,yes,Stiff_Stalk,,
B89,B89_H,inra,B89_inra,B89_inra,INRA,UH_007,UH,3030,yes,Other,,
B97,B97_H,inra,B97_usa,B97_inra,USA,UH_007,UH,3027,yes,Other,,
B98,B98_H,inra,B98_uh,B98_uh,UH,UH_007,UH,3079,yes,Other,,
C103,C103_H,inra,C103_inra,C103_inra,INRA,UH_007,UH,3106,yes,Other,,
CO109,CO109_H,inra,CO109_inra,CO109_inra,INRA,UH_007,UH,3050,yes,Other,,
CR1Ht,CR1Ht_H,inra,CR1Ht_usda,CR1Ht_usda,USDA,UH_007,UH,3107,yes,Lancaster,,
D09,D09_H,inra,D09_uh,D09_uh,UH,UH_007,UH,3108,yes,Other,,
DE811,DE811_H,inra,DE811_inra,DE811_inra,INRA,UH_007,UH,3109,yes,Stiff_Stalk,,
DK4676A,DK4676A_H,inra,DK4676A_usda,DK4676A_usda,USDA,UH_007,UH,3097,yes,Stiff_Stalk,,
DK78010,DK78010_H,inra,DK78010_usda,DK78010_usda,USDA,UH_007,UH,3110,yes,Stiff_Stalk,,
DK78371A,DK78371A_H,inra,DK78371A_usda,DK78371A_usda,USDA,UH_007,UH,3056,yes,Lancaster,,
DKFAPW,DKFAPW_H,inra,DKFAPW_usda,DKFAPW_usda,USDA,UH_007,UH,3111,yes,Stiff_Stalk,,
DKFBHJ,DKFBHJ_H,inra,DKFBHJ_usda,DKFBHJ_usda,USDA,UH_007,UH,3081,yes,Stiff_Stalk,,
DKIBO2,DKIBO2_H,inra,DKIBO2_usda,DKIBO2_usda,USDA,UH_007,UH,3112,yes,Iodent,,
DKMBST,DKMBST_H,inra,DKMBST_usda,DKMBST_usda,USDA,UH_007,UH,3113,yes,Lancaster,,
EA1027,EA1027_H,inra,EM1027_inra,EM1027_inra,INRA,UH_007,UH,3120,yes,Other,,
EA1163,EA1163_H,inra,EM1163_inra,EM1163_inra,INRA,UH_007,UH,3070,yes,Other,,
EA3076,EA3076_H,inra,EA3076_csic,EA3076_csic,CSIC,UH_007,UH,3090,yes,Other,,
EC136,EC136_H,inra,EC136_ciam,EC136_ciam,CIAM,UH_007,UH,3087,yes,Stiff_Stalk,,
EC140,EC140_H,inra,EC140_ciam,EC140_ciam,CIAM,UH_007,UH,3114,yes,Stiff_Stalk,,
EC151,EC151_H,inra,EC151_ciam,EC151_ciam,CIAM,UH_007,UH,3115,yes,Stiff_Stalk,,
EC169,EC169_H,inra,EC169_ciam,EC169_ciam,CIAM,UH_007,UH,3116,yes,Stiff_Stalk,,
EC175,EC175_H,inra,EC175_ciam,EC175_ciam,CIAM,UH_007,UH,3117,yes,Stiff_Stalk,,
EC232,EC232_H,inra,EC232_ciam,EC232_ciam,CIAM,UH_007,UH,3033,yes,Other,,
EC242C,EC242C_H,inra,EC242C_ciam,EC242C_ciam,CIAM,UH_007,UH,3118,yes,Iodent,,
EC334,EC334_H,inra,EC334_ciam,EC334_ciam,CIAM,UH_007,UH,3119,yes,Other,,
EP10,EP10_H,inra,EP10_csic,EP10_csic,CSIC,UH_007,UH,3092,yes,Other,,
EP2008-18,EP2008-18_H,inra,EP2008-18_csic,EP2008.18_csic,CSIC,UH_007,UH,3035,yes,Lancaster,,
EP2008-22,EP2008-22_H,inra,EP2008-22_csic,EP2008.22_csic,CSIC,UH_007,UH,3121,yes,Lancaster,,
EP29,EP29_H,inra,EP29_csic,EP29_csic,CSIC,UH_007,UH,3098,yes,Other,,
EP51,EP51_H,inra,EP51_csic,EP51_csic,CSIC,UH_007,UH,3076,yes,Other,,
EP52,EP52_H,inra,EP52_csic,EP52_csic,CSIC,UH_007,UH,3014,yes,Other,,
EP55,EP55_H,inra,EP55_csic,EP55_csic,CSIC,UH_007,UH,3078,yes,Other,,
EP67,EP67_H,inra,EP67_csic,EP67_csic,CSIC,UH_007,UH,3122,yes,Other,,
EP72,EP72_H,inra,EP72_csic,EP72_csic,CSIC,UH_007,UH,3123,yes,Other,,
EP77,EP77_H,inra,EP77_csic,EP77_csic,CSIC,UH_007,UH,3124,yes,Other,,
EZ11A,EZ11A_H,inra,EZ11A_csic,EZ11A_csic,CSIC,UH_007,UH,3020,yes,Other,,
EZ18,EZ18_H,inra,EZ18_csic,EZ18_csic,CSIC,UH_007,UH,3125,yes,Other,,
EZ31,EZ31_H,inra,EZ31_csic,EZ31_csic,CSIC,UH_007,UH,3126,yes,Stiff_Stalk,,
EZ34,EZ34_H,inra,EZ34_csic,EZ34_csic,CSIC,UH_007,UH,3048,no,Lancaster,,
EZ35,EZ35_H,inra,EZ35_csic,EZ35_csic,CSIC,UH_007,UH,3127,yes,Other,,
EZ36,EZ36_H,inra,EZ36_csic,EZ36_csic,CSIC,UH_007,UH,3128,yes,Other,,
EZ37,EZ37_H,inra,EZ37_csic,EZ37_csic,CSIC,UH_007,UH,3021,yes,Stiff_Stalk,,
EZ38,EZ38_H,inra,EZ38_csic,EZ38_csic,CSIC,UH_007,UH,3129,yes,Other,,
EZ40,EZ40_H,inra,EZ40_csic,EZ40_csic,CSIC,UH_007,UH,3044,yes,Stiff_Stalk,,
EZ42,EZ42_H,inra,EZ42_csic,EZ42_csic,CSIC,UH_007,UH,3130,yes,Stiff_Stalk,,
EZ47,EZ47_H,inra,EZ47_csic,EZ47_csic,CSIC,UH_007,UH,3006,yes,Other,,
EZ48,EZ48_H,inra,EZ48_csic,EZ48_csic,CSIC,UH_007,UH,3132,yes,Stiff_Stalk,,
F04401,F04401_H,inra,F04401_inra,F04401_inra,INRA,UH_007,UH,3134,yes,Iodent,,
F04402,F04402_H,inra,F04402_inra,F04402_inra,INRA,UH_007,UH,3135,yes,Iodent,,
F04701,F04701_H,inra,F04701_inra,F04701_inra,INRA,UH_007,UH,3136,yes,Lancaster,,
F04702,F04702_H,inra,F04702_inra,F04702_inra,INRA,UH_007,UH,3137,yes,Lancaster,,
F05101,F05101_H,inra,F05101_inra,F05101_inra,INRA,UH_007,UH,3138,yes,Stiff_Stalk,,
F05404,F05404_H,inra,F05404_inra,F05404_inra,INRA,UH_007,UH,3139,yes,Iodent,,
F1808,F1808_H,inra,F1808_inra,F1808_inra,INRA,UH_007,UH,3022,yes,Stiff_Stalk,,
F1890,F1890_H,inra,FC1890_inra,FC1890_inra,INRA,UH_007,UH,3016,yes,Iodent,,
F218,F218_H,inra,FV218_inra,FV218_inra,INRA,UH_007,UH,3152,yes,Other,,
F252,F252_H,inra,FV252_inra,FV252_inra,INRA,UH_007,UH,3153,yes,Other,,
F353,F353_H,inra,FV353_inra,FV353_inra,INRA,UH_007,UH,3086,yes,Iodent,,
F354,F354_H,inra,FV354_inra,FV354_inra,INRA,UH_007,UH,3154,yes,Other,,
F546,F546_H,inra,F546_inra,F546_inra,INRA,UH_007,UH,3133,no,NA,,
F608,F608_H,inra,F608_inra,F608_inra,INRA,UH_007,UH,3140,yes,Other,,
F618,F618_H,inra,F618_inra,F618_inra,INRA,UH_007,UH,3141,yes,Other,,
F7001,F7001_H,inra,F7001_inra,F7001_inra,INRA,UH_007,UH,3040,yes,Other,,
F7019,F7019_H,inra,F7019_inra,F7019_inra,INRA,UH_007,UH,3142,yes,Other,,
F7025,F7025_H,inra,F7025_inra,F7025_inra,INRA,UH_007,UH,3049,yes,Stiff_Stalk,,
F7028,F7028_H,inra,F7028_inra,F7028_inra,INRA,UH_007,UH,3015,yes,Other,,
F7057,F7057_H,inra,F7057_inra,F7057_inra,INRA,UH_007,UH,3144,yes,Other,,
F7058,F7058_H,inra,F7058_inra,F7058_inra,INRA,UH_007,UH,3143,yes,Other,,
F7081,F7081_H,inra,F7081_inra,F7081_inra,INRA,UH_007,UH,3036,yes,Other,,
F7082,F7082_H,inra,F7082_inra,F7082_inra,INRA,UH_007,UH,3145,yes,Other,,
F712,F712_H,inra,F712_inra,F712_inra,INRA,UH_007,UH,3057,yes,Other,,
F748,F748_H,inra,F748_inra,F748_uh,INRA,UH_007,UH,3054,yes,Lancaster,,
F752,F752_H,inra,F752_inra,F752_inra,INRA,UH_007,UH,3146,yes,Other,,
F816,F816_H,inra,F816_inra,F816_inra,INRA,UH_007,UH,3264,no,Lancaster,,
F838,F838_H,inra,F838_inra,F838_inra,INRA,UH_007,UH,3028,yes,Other,,
F874,F874_H,inra,F874_inra,F874_inra,INRA,UH_007,UH,3147,yes,Other,,
F888,F888_H,inra,F888_inra,F888_inra,INRA,UH_007,UH,3148,yes,Other,,
F894,F894_H,inra,F894_inra,F894_inra,INRA,UH_007,UH,3010,yes,Other,,
F908,F908_H,inra,F908_inra,F908_inra,INRA,UH_007,UH,3149,yes,Other,,
F912,F912_H,inra,F912_inra,F912_inra,INRA,UH_007,UH,3011,yes,Iodent,,
F918,F918_H,inra,F918_inra,F918_inra,INRA,UH_007,UH,3065,yes,Other,,
F922,F922_H,inra,F922_inra,F922_inra,INRA,UH_007,UH,3150,yes,Other,,
F924,F924_H,inra,F924_inra,F924_inra,INRA,UH_007,UH,3043,yes,Stiff_Stalk,,
F98902,F98902_H,inra,F98902_inra,F98902_inra,INRA,UH_007,UH,3084,yes,Iodent,,
FP1,FP1_H,inra,FP1_inra,FP1_inra,INRA,UH_007,UH,3151,yes,Other,,
FR19,FR19_H,inra,FR19_usda,FR19_usda,USDA,UH_007,UH,3018,yes,Other,,
FR697,FR697_H,inra,FR697_ifsi,FR697_ifsi,IFSI,UH_007,UH,3222,yes,Lancaster,,
H99,H99_H,inra,H99_inra,H99_inra,INRA,UH_007,UH,3155,yes,Lancaster,,
HMV5301,HMV5301_H,inra,HMV5301_Martonvasar,HMV5301_Martonvasar,MTA-ATK,UH_007,UH,3156,yes,Iodent,,
HMV5325,HMV5325_H,inra,HMV5325_Martonvasar,HMV5325_Martonvasar,MTA-ATK,UH_007,UH,3058,yes,Stiff_Stalk,,
HMV5343,HMV5343_H,inra,HMV5343_Martonvasar,HMV5343_Martonvasar,MTA-ATK,UH_007,UH,3157,yes,Stiff_Stalk,,
HMV5347,HMV5347_H,inra,HMV5347_Martonvasar,HMV5347_Martonvasar,MTA-ATK,UH_007,UH,3158,yes,Stiff_Stalk,,
HMV5405,HMV5405_H,inra,HMV5405_Martonvasar,HMV5405_Martonvasar,MTA-ATK,UH_007,UH,3042,yes,Iodent,,
HMV5409,HMV5409_H,inra,HMV5409_Martonvasar,HMV5409_Martonvasar,MTA-ATK,UH_007,UH,3159,yes,Other,,
HMV5422,HMV5422_H,inra,HMV5422_Martonvasar,HMV5422_Martonvasar,MTA-ATK,UH_007,UH,3037,yes,Stiff_Stalk,,
HMV5502,HMV5502_H,inra,HMV5502_Martonvasar,HMV5502_Martonvasar,MTA-ATK,UH_007,UH,3160,yes,Iodent,,
I198,I198_H,inra,I198_inra,I198_inra,INRA,UH_007,UH,3161,yes,Other,,
I205,I205_H,inra,I205_inra,I205_inra,INRA,UH_007,UH,3162,no,Other,,
I211,I211_H,inra,I211_inra,I211_inra,INRA,UH_007,UH,3163,no,Other,,
I233,I233_H,inra,I233_inra,I233_inra,INRA,UH_007,UH,3164,yes,Other,,
I238,I238_H,inra,I238_inra,I238_inra,INRA,UH_007,UH,3165,yes,Other,,
I242,I242_H,inra,I242_inra,I242_inra,INRA,UH_007,UH,3166,yes,Other,,
I261,I261_H,inra,I261_inra,I261_inra,INRA,UH_007,UH,3167,yes,Other,,
I267,I267_H,inra,I267_inra,I267_inra,INRA,UH_007,UH,3168,yes,Other,,
IDT,IDT_H,inra,IDT_inra,IDT_inra,INRA,UH_007,UH,3169,yes,Other,,
LAN496,LAN496_H,inra,LAN496_inra,LAN496_inra,INRA,UH_007,UH,3034,yes,Other,,
LH123Ht,LH123Ht_H,inra,LH123Ht_usda,LH123Ht_usda,USDA,UH_007,UH,3170,yes,Lancaster,,
LH145,LH145_H,inra,LH145_usda,LH145_usda,USDA,UH_007,UH,3060,yes,Stiff_Stalk,,
LH38,LH38_H,inra,LH38_usda,LH38_usda,USDA,UH_007,UH,3024,yes,Lancaster,,
LH39,LH39_H,inra,LH39_usda,LH39_usda,USDA,UH_007,UH,3171,yes,Lancaster,,
LH59,LH59_H,inra,LH59_usda,LH59_usda,USDA,UH_007,UH,3172,yes,Lancaster,,
LH60,LH60_H,inra,LH60_usda,LH60_usda,USDA,UH_007,UH,3173,yes,Lancaster,,
LH65,LH65_H,inra,LH65_usda,LH65_usda,USDA,UH_007,UH,3174,yes,Lancaster,,
LH74,LH74_H,inra,LH74_inra,LH74_inra,INRA,UH_007,UH,3041,yes,Stiff_Stalk,,
LH82,LH82_H,inra,LH82_inra,LH82_inra,INRA,UH_007,UH,3072,yes,Other,,
LH93,LH93_H,inra,LH93_usda,LH93_usda,USDA,UH_007,UH,3100,yes,Other,,
Lo1016,Lo1016_H,inra,Lo1016_bergamo,Lo1016_bergamo,CREA,UH_007,UH,3175,yes,Stiff_Stalk,,
Lo1026,Lo1026_H,inra,Lo1026_bergamo,Lo1026_bergamo,CREA,UH_007,UH,3176,yes,Stiff_Stalk,,
Lo1035,Lo1035_H,inra,Lo1035_bergamo,Lo1035_bergamo,CREA,UH_007,UH,3177,yes,Lancaster,,
Lo1038,Lo1038_H,inra,Lo1038_bergamo,Lo1038_bergamo,CREA,UH_007,UH,3178,yes,Other,,
Lo1056,Lo1056_H,inra,Lo1056_bergamo,Lo1056_bergamo,CREA,UH_007,UH,3179,yes,Lancaster,,
Lo1063,Lo1063_H,inra,Lo1063_bergamo,Lo1063_bergamo,CREA,UH_007,UH,3180,yes,Stiff_Stalk,,
Lo1087,Lo1087_H,inra,Lo1087_bergamo,Lo1087_bergamo,CREA,UH_007,UH,3181,yes,Stiff_Stalk,,
Lo1094,Lo1094_H,inra,Lo1094_bergamo,Lo1094_bergamo,CREA,UH_007,UH,3182,yes,Stiff_Stalk,,
Lo1095,Lo1095_H,inra,Lo1095_bergamo,Lo1095_bergamo,CREA,UH_007,UH,3183,yes,Iodent,,
Lo1101,Lo1101_H,inra,Lo1101_bergamo,Lo1101_bergamo,CREA,UH_007,UH,3184,yes,Stiff_Stalk,,
Lo1106,Lo1106_H,inra,Lo1106_bergamo,Lo1106_bergamo,CREA,UH_007,UH,3185,yes,Stiff_Stalk,,
Lo1123,Lo1123_H,inra,Lo1123_bergamo,Lo1123_bergamo,CREA,UH_007,UH,3186,yes,Iodent,,
Lo1124,Lo1124_H,inra,Lo1124_bergamo,Lo1124_bergamo,CREA,UH_007,UH,3187,yes,Lancaster,,
Lo1130,Lo1130_H,inra,Lo1130_bergamo,Lo1130_bergamo,CREA,UH_007,UH,3188,no,Iodent,,
Lo1172,Lo1172_H,inra,Lo1172_bergamo,Lo1172_bergamo,CREA,UH_007,UH,3189,yes,Other,,
Lo1180,Lo1180_H,inra,Lo1180_bergamo,Lo1180_bergamo,CREA,UH_007,UH,3190,yes,Iodent,,
Lo1187,Lo1187_H,inra,Lo1187_bergamo,Lo1187_bergamo,CREA,UH_007,UH,3191,yes,Stiff_Stalk,,
Lo1199,Lo1199_H,inra,Lo1199_bergamo,Lo1199_bergamo,CREA,UH_007,UH,3192,yes,Stiff_Stalk,,
Lo1203,Lo1203_H,inra,Lo1203_bergamo,Lo1203_bergamo,CREA,UH_007,UH,3193,yes,Lancaster,,
Lo1223,Lo1223_H,inra,Lo1223_bergamo,Lo1223_bergamo,CREA,UH_007,UH,3194,yes,Stiff_Stalk,,
Lo1242,Lo1242_H,inra,Lo1242_bergamo,Lo1242_bergamo,CREA,UH_007,UH,3195,yes,Lancaster,,
Lo1251,Lo1251_H,inra,Lo1251_bergamo,Lo1251_bergamo,CREA,UH_007,UH,3196,yes,Stiff_Stalk,,
Lo1253,Lo1253_H,inra,Lo1253_bergamo,Lo1253_bergamo,CREA,UH_007,UH,3197,yes,Stiff_Stalk,,
Lo1261,Lo1261_H,inra,Lo1261_bergamo,Lo1261_bergamo,CREA,UH_007,UH,3198,yes,Stiff_Stalk,,
Lo1266,Lo1266_H,inra,Lo1266_bergamo,Lo1266_bergamo,CREA,UH_007,UH,3199,yes,Iodent,,
Lo1270,Lo1270_H,inra,Lo1270_bergamo,Lo1270_bergamo,CREA,UH_007,UH,3200,yes,Lancaster,,
Lo1273,Lo1273_H,inra,Lo1273_bergamo,Lo1273_bergamo,CREA,UH_007,UH,3201,yes,Iodent,,
Lo1274,Lo1274_H,inra,Lo1274_bergamo,Lo1274_bergamo,CREA,UH_007,UH,3202,yes,Lancaster,,
Lo1280,Lo1280_H,inra,Lo1280_bergamo,Lo1280_bergamo,CREA,UH_007,UH,3203,yes,Lancaster,,
Lo1282,Lo1282_H,inra,Lo1282_bergamo,Lo1282_bergamo,CREA,UH_007,UH,3204,yes,Lancaster,,
Lo1284,Lo1284_H,inra,Lo1284_bergamo,Lo1284_bergamo,CREA,UH_007,UH,3205,yes,Lancaster,,
Lo1288,Lo1288_H,inra,Lo1288_bergamo,Lo1288_bergamo,CREA,UH_007,UH,3206,yes,Lancaster,,
Lo1290,Lo1290_H,inra,Lo1290_bergamo,Lo1290_bergamo,CREA,UH_007,UH,3207,yes,Lancaster,,
Lo1301,Lo1301_H,inra,Lo1301_bergamo,Lo1301_bergamo,CREA,UH_007,UH,3209,yes,Stiff_Stalk,,
Lo904,Lo904_H,inra,Lo904_bergamo,Lo904_bergamo,CREA,UH_007,UH,3210,yes,Stiff_Stalk,,
Lp5,Lp5_H,inra,Lp5_usda,Lp5_usda,INRA,UH_007,UH,3069,yes,Stiff_Stalk,,
ML606,ML606_H,inra,ML606_usda,ML606_usda,USDA,UH_007,UH,3080,yes,Lancaster,,
Mo15W,Mo15W_H,inra,Mo15W_inra,Mo15W_inra,INRA,UH_007,UH,3211,yes,Other,,
Mo17,Mo17_H,inra,Mo17_inra,Mo17_inra,INRA,UH_007,UH,3046,yes,Lancaster,,
MS153,MS153_H,inra,MS153_inra,MS153_inra,INRA,UH_007,UH,3007,yes,Other,,
MS71,MS71_H,inra,MS71_uh,MS71_uh,UH,UH_007,UH,3096,yes,Other,,
N16,N16_H,inra,N16_inra,N16_inra,INRA,UH_007,UH,3212,yes,Other,,
N192,N192_H,inra,N192_usa,N192_usa,USA,UH_007,UH,3213,yes,Stiff_Stalk,,
N22,N22_H,inra,N22_inra,N22_inra,INRA,UH_007,UH,3214,yes,Other,,
N25,N25_H,inra,N25_inra,N25_inra,INRA,UH_007,UH,3052,yes,Other,,
N6,N6_H,inra,N6_inra,N6_inra,INRA,UH_007,UH,3064,yes,Other,,
NC290,NC290_H,inra,NC290_uh,NC290_cim,UH,UH_007,UH,3031,yes,Lancaster,,
NC358,NC358_H,inra,NC358_uh,NC358_cim,UH,UH_007,UH,3099,yes,Other,,
NDB8,NDB8_H,inra,NDB8_inra,NDB8_inra,INRA,UH_007,UH,3094,yes,Other,,
NK764,NK764_H,inra,NK764_usda,NK764_usda,USDA,UH_007,UH,3215,yes,Stiff_Stalk,,
NK807,NK807_H,inra,NK807_usda,NK807_usda,USDA,UH_007,UH,3216,yes,Other,,
NQ508,NQ508_H,inra,NQ508_usda,NQ508_usda,USDA,UH_007,UH,3217,yes,Iodent,,
NS501,NS501_H,inra,NS501_usda,NS501_usda,USDA,UH_007,UH,3265,no,Iodent,,
NS701,NS701_H,inra,NS701_usda,NS701_usda,USDA,UH_007,UH,3218,yes,Stiff_Stalk,,
Oh02,Oh02_H,inra,Oh02_inra,Oh02_inra,INRA,UH_007,UH,3025,yes,Other,,
Oh33,Oh33_H,inra,Oh33_inra,Oh33_inra,INRA,UH_007,UH,3005,yes,Other,,
Oh40B,Oh40B_H,inra,Oh40B_inra,Oh40B_inra,INRA,UH_007,UH,3219,yes,Lancaster,,
Oh43,Oh43_H,inra,Oh43_inra,Oh43_inra,INRA,UH_007,UH,3003,yes,Lancaster,,
Os426,Os426_H,inra,Os426_inra,Os426_inra,INRA,UH_007,UH,3038,yes,Other,,
P465P,P465P_H,inra,P465P_inra,ARGP465_inra,INRA,UH_007,UH,3220,yes,Other,,
Pa35,Pa35_H,inra,Pa35_inra,Pa35_inra,INRA,UH_007,UH,3266,no,Other,,
Pa36,Pa36_H,inra,Pa36_inra,Pa36_inra,INRA,UH_007,UH,3208,yes,Other,,
Pa405,Pa405_H,inra,Pa405_uh,Pa405_uh,UH,UH_007,UH,3023,yes,Other,,
Pa91,Pa91_H,inra,Pa91_inra,Pa91_inra,INRA,UH_007,UH,3089,yes,Other,,
PB116,PB116_H,inra,PB116_inra,PB116_inra,INRA,UH_007,UH,3062,yes,Other,,
PB98TR,PB98TR_H,inra,PB98TR_inra,PB98TR_inra,INRA,UH_007,UH,3061,yes,Other,,
PH207,PH207_H,inra,PH207_usda,PH207_usda,USDA,UH_007,UH,3002,yes,Iodent,,
PHB09,PHB09_H,inra,PHB09_usda,PHB09_usda,USDA,UH_007,UH,3083,yes,Stiff_Stalk,,
PHG35,PHG35_H,inra,PHG35_usda,PHG35_usda,USDA,UH_007,UH,3223,yes,Iodent,,
PHG39,PHG39_H,inra,PHG39_usda,PHG39_usda,USDA,UH_007,UH,3039,yes,Stiff_Stalk,,
PHG47,PHG47_H,inra,PHG47_usda,PHG47_usda,USDA,UH_007,UH,3082,yes,Lancaster,,
PHG50,PHG50_H,inra,PHG50_usda,PHG50_usda,USDA,UH_007,UH,3224,yes,Iodent,,
PHG71,PHG71_H,inra,PHG71_usda,PHG71_usda,USDA,UH_007,UH,3225,yes,Iodent,,
PHG80,PHG80_H,inra,PHG80_usda,PHG80_usda,USDA,UH_007,UH,3226,yes,Stiff_Stalk,,
PHG83,PHG83_H,inra,PHG83_usda,PHG83_usda,USDA,UH_007,UH,3051,yes,Iodent,,
PHG84,PHG84_H,inra,PHG84_usda,PHG84_usda,USDA,UH_007,UH,3227,yes,Lancaster,,
PHG86,PHG86_H,inra,PHG86_usda,PHG86_usda,USDA,UH_007,UH,3055,yes,Stiff_Stalk,,
PHH93,PHH93_H,inra,PHH93_usda,PHH93_usda,USDA,UH_007,UH,3077,yes,Iodent,,
PHJ40,PHJ40_H,inra,PHJ40_usda,PHJ40_usda,USDA,UH_007,UH,3228,yes,Lancaster,,
PHK29,PHK29_H,inra,PHK29_usda,PHK29_usda,USDA,UH_007,UH,3229,yes,Stiff_Stalk,,
PHK76,PHK76_H,inra,PHK76_usda,PHK76_usda,INRA,UH_007,UH,3091,yes,Lancaster,,
PHR36,PHR36_H,inra,PHR36_usda,PHR36_usda,USDA,UH_007,UH,3230,yes,Other,,
PHT77,PHT77_H,inra,PHT77_usda,PHT77_usda,USDA,UH_007,UH,3231,yes,Lancaster,,
PHV63,PHV63_H,inra,PHV63_usda,PHV63_usda,USDA,UH_007,UH,3232,yes,Stiff_Stalk,,
PHW65,PHW65_H,inra,PHW65_usda,PHW65_usda,USDA,UH_007,UH,3233,yes,Lancaster,,
PHZ51,PHZ51_H,inra,PHZ51_usda,PHZ51_usda,USDA,UH_007,UH,3234,yes,Lancaster,,
PP147,PP147_H,inra,PP147_inra,PP147_inra,INRA,UH_007,UH,3268,no,Other,,
SC-Malawi,SC-Malawi_H,inra,SC-Malawi_cim,SC.Malawi_cim,CIMMYT,UH_007,UH,3235,yes,Other,,
SGI061,SGI061_H,inra,SGI061_ifsi,SGI061_ifsi,IFSI,UH_007,UH,3256,yes,Iodent,,
UH_2500,UH_2500_H,inra,UH_2500_uh,UH_2500_uh,UH,UH_007,UH,3236,yes,Other,,
UH_6102,UH_6102_H,inra,UH_6102_uh,UH_6102_uh,UH,UH_007,UH,3237,yes,Iodent,,
UH_6179,UH_6179_H,inra,UH_6179_uh,UH_6179_uh,UH,UH_007,UH,3238,yes,Iodent,,
UH_P024,UH_P024_H,inra,UH_P024_uh,UH_P024_uh,UH,UH_007,UH,3239,yes,Iodent,,
UH_P060,UH_P060_H,inra,UH_P060_uh,UH_P060_uh,UH,UH_007,UH,3240,yes,Iodent,,
UH_P064,UH_P064_H,inra,UH_P064_uh,UH_P064_uh,UH,UH_007,UH,3241,yes,Iodent,,
UH_P074,UH_P074_H,inra,UH_P074_uh,UH_P074_uh,UH,UH_007,UH,3242,yes,Iodent,,
UH_P087,UH_P087_H,inra,UH_P087_uh,UH_P087_uh,UH,UH_007,UH,3243,yes,Iodent,,
UH_P089,UH_P089_H,inra,UH_P089_uh,UH_P089_uh,UH,UH_007,UH,3032,yes,Iodent,,
UH_P104,UH_P104_H,inra,UH_P104_uh,UH_P104_uh,UH,UH_007,UH,3244,yes,Other,,
UH_P115,UH_P115_H,inra,UH_P115_uh,UH_P115_uh,UH,UH_007,UH,3245,yes,Iodent,,
UH_P128,UH_P128_H,inra,UH_P128_uh,UH_P128_uh,UH,UH_007,UH,3075,yes,Iodent,,
UH_P148,UH_P148_H,inra,UH_P148_uh,UH_P148_uh,UH,UH_007,UH,3246,yes,Iodent,,
UH_S018,UH_S018_H,inra,UH_S018_uh,UH_S018_uh,UH,UH_007,UH,3247,yes,Other,,
UH_S020,UH_S020_H,inra,UH_S020_uh,UH_S020_uh,UH,UH_007,UH,3248,yes,Other,,
UH_S025,UH_S025_H,inra,UH_S025_uh,UH_S025_uh,UH,UH_007,UH,3249,yes,Other,,
UH250,UH250_H,inra,UH250_uh,UH250_uh,UH,UH_007,UH,3026,yes,Other,,
UH304,UH304_H,inra,UH304_uh,UH304_uh,UH,UH_007,UH,3250,yes,Iodent,,
Va26,Va26_H,inra,Va26_inra,Va26_inra,INRA,UH_007,UH,3251,yes,Lancaster,,
W117,W117_H,inra,W117_inra,W117_inra,INRA,UH_007,UH,3252,yes,Other,,
W153R,W153R_H,inra,W153R_usa,W153Rht_inra,USA,UH_007,UH,3131,yes,Other,,
W182E,W182E_H,inra,W182E_inra,W182E_inra,INRA,UH_007,UH,3253,yes,Other,,
W23,W23_H,inra,W23_uh,W23_uh,INRA,UH_007,UH,3045,yes,Other,,
W602S,W602S_H,inra,W602S_uh,W602S_uh,UH,UH_007,UH,3063,yes,Lancaster,,
W604S,W604S_H,inra,W604S_uh,W604S_uh,UH,UH_007,UH,3254,yes,Lancaster,,
W64A,W64A_H,inra,W64A_inra,W64A_inra,INRA,UH_007,UH,3004,yes,Other,,
W9,W9_H,inra,W9_inra,W9_inra,INRA,UH_007,UH,3047,yes,Other,,
W95115,W95115_H,inra,W95115_inra,W95115_inra,INRA,UH_007,UH,3088,yes,Other,,
Wf9,Wf9_H,inra,Wf9_inra,Wf9_inra,INRA,UH_007,UH,3255,yes,Other,,
